{"c2":32.23,"c3":10.942100000000002,"c4":6.5365,"c5":6.3382000000000005,"c6":7.3293,"c1":6.1945,"device":"esp8266_1ACD99","hour":"2017/12/30"}