{"c2":25.830104,"c3":7.439652000000001,"c4":7.916364999999999,"c5":6.799861,"c6":7.524036000000001,"c1":17.255606,"device":"esp8266_1ACD99","day":"2018/01/06"}