{"c2":22.530189,"c3":5.049081999999999,"c4":5.057085,"c5":26.898062999999997,"c6":7.005165999999999,"c1":57.029807999999996,"R":23.326999999999995,"Y":5.905999999999999,"B":6.742000000000001,"i1":6.0649999999999995,"i2":6.6290000000000004,"i3":7.114,"device":"esp8266_1ACD99","day":"2018/01/30"}