{"c2":32.90424900000001,"c3":10.946213,"c4":6.392644,"c5":48.066158,"c6":7.7742450000000005,"c1":45.602104000000004,"R":33.26199999999999,"Y":11.988000000000001,"B":8.334,"i1":6.805999999999999,"i2":7.16,"i3":8.011000000000001,"device":"esp8266_1ACD99","day":"2018/01/03"}