{"c2":33.562560000000005,"c3":18.935098,"c4":6.754676000000001,"c5":0,"c6":0,"c1":0,"device":"esp8266_1ACD99","hour":"2017/09/30"}