{"c2":34.465727,"c3":8.21113,"c4":8.583938,"c5":27.062451999999997,"c6":7.474167,"c1":57.175545,"R":34.295,"Y":9.303,"B":10.895,"i1":6.366999999999999,"i2":6.845,"i3":7.305,"device":"esp8266_1ACD99","day":"2018/01/30"}