{"c2":37.16650599999999,"c3":9.166183,"c4":11.509523000000002,"c5":42.493291,"c6":7.994323,"c1":18.482256,"R":32.284,"Y":9.568000000000001,"B":13.016999999999998,"i1":6.981,"i2":7.223999999999999,"i3":8.221,"device":"esp8266_1ACD99","day":"2018/02/06"}