{"c2":33.828092000000005,"c3":11.473759,"c4":6.536037999999998,"c5":5.8193,"c6":7.162754,"c1":0,"device":"esp8266_1ACD99","day":"2017/11/09"}