{"c2":32.842847,"c3":11.060932,"c4":6.649160999999999,"c5":32.448494,"c6":41.69824499999999,"c1":2511.5741729999995,"device":"esp8266_1ACD99","hour":"2017/12/30"}