{"c2":16.937960999999998,"c3":4.660974,"c4":2.995984,"c5":4.229178,"c6":4.735719,"c1":11.473621,"R":18.676999999999996,"Y":4.904,"B":3.9590000000000005,"i1":4.003,"i2":4.309999999999999,"i3":4.8420000000000005,"device":"esp8266_1ACD99","day":"2018/02/07"}