{"c2":55.860682,"c3":25.556980000000003,"c4":10.586184000000001,"c5":0,"c6":0,"c1":0,"device":"esp8266_1ACD99","hour":"2017/10/29"}