{"c2":32.90763900000001,"c3":10.946213,"c4":6.392644,"c5":6.660711999999999,"c6":7.072115,"c1":5.939623000000001,"device":"esp8266_1ACD99","day":"2018/01/03"}