{"c2":32.26118099999999,"c3":7.920560999999999,"c4":7.378073,"c5":6.709345,"c6":8.015298999999999,"c1":21.989384,"R":null,"Y":null,"B":null,"i1":null,"i2":null,"i3":null,"device":"esp8266_1ACD99","day":"2018/01/19"}