{"c2":28.794147,"c3":11.019363,"c4":7.700411999999997,"c5":65.385002,"c6":7.195708000000001,"c1":117.15000900000001,"R":-129.20800000000008,"Y":11.607,"B":10.022999999999998,"i1":6.297,"i2":6.514,"i3":7.462000000000001,"device":"esp8266_1ACD99","day":"2018/01/21"}