{"c2":10.794764,"c3":5.882231999999999,"c4":2.561142,"c5":2.776467,"c6":3.6557700000000004,"c1":2.192757,"device":"esp8266_1ACD99","hour":"2018/01/02"}