{"c2":39.059599999999996,"c3":16.3556,"c4":9.688699999999999,"c5":5.785299999999999,"c6":6.9138,"c1":0,"device":"esp8266_1ACD99","day":"2017/11/30"}