{"c2":40.98387,"c3":18.031033000000004,"c4":11.325244999999999,"c5":0,"c6":0,"c1":0,"device":"esp8266_1ACD99","hour":"2017/10/02"}