{"c2":36.598799,"c3":9.121846,"c4":6.041094000000001,"c5":39.255544,"c6":4.625176000000001,"c1":38.847532,"R":26.889000000000003,"Y":-14.046999999999999,"B":-8.268999999999998,"i1":-11.527,"i2":-13.536,"i3":-13.748,"device":"esp8266_1ACD99","day":"2018/01/04"}