{"c2":36.196622999999995,"c3":13.054321999999999,"c4":7.208113,"c5":0,"c6":0,"c1":0,"device":"esp8266_1ACD99","hour":"2017/10/31"}