{"1":[318.764497],"2":[1.473008],"3":[0.939541],"4":[0.595352],"5":[0.243757],"6":[0.871881],"device":"esp8266_1ACD99","hour":"2017/10/29/08"}