{"1":[318.764503],"2":[1.012819],"3":[1.042922],"4":[0.60524],"5":[266.045325],"6":[0.003035],"device":"esp8266_1ACD99","hour":"2017/11/01/23"}