{"1":[318.764507],"2":[-7.063124],"3":[1.104434],"4":[1.506019],"5":[1.179323],"6":[1.16795],"device":"esp8266_1ACD99","hour":"2017/10/27/13"}