{"1":[318.764508],"2":[0.928043],"3":[0.283155],"4":[0.178681],"5":[318.762386],"6":[0.003091],"device":"esp8266_1ACD99","hour":"2017/11/09/02"}