{"1":[0],"2":[0.782873],"3":[0.528104],"4":[0.313836],"5":[0],"6":[0.00304],"device":"esp8266_1ACD99","hour":"2017/09/30/23"}