{"1":[156.394934],"2":[0.669304],"3":[0.262334],"4":[0.172166],"5":[0.000003],"6":[0.000523],"device":"esp8266_1ACD99","hour":"2017/11/09/17"}