{"1":[318.764513],"2":[2.631458],"3":[0.481879],"4":[0.303219],"5":[0.638125],"6":[0.799539],"device":"esp8266_1ACD99","hour":"2017/11/09/14"}