{"1":[0.25081],"2":[0.111522],"3":[6.23668],"4":[0.307845],"5":[6.61617],"6":[5.041747],"device":"esp8266_1F8A1B","hour":"2017/12/08/15"}