{"1":[0],"2":[1.024299],"3":[0.75373],"4":[0.559989],"5":[0],"6":[0.003059],"device":"esp8266_1ACD99","hour":"2017/11/02/23"}