{"1":[0],"2":[1.837333],"3":[0.815363],"4":[0.658189],"5":[0.678372],"6":[0.844106],"device":"esp8266_1ACD99","hour":"2017/10/02/14"}